-- phpMyAdmin SQL Dump
-- version 5.2.1
-- https://www.phpmyadmin.net/
--
-- Host: localhost:3306
-- Generation Time: Oct 04, 2024 at 03:03 PM
-- Server version: 8.0.30
-- PHP Version: 8.1.10

SET SQL_MODE = "NO_AUTO_VALUE_ON_ZERO";
START TRANSACTION;
SET time_zone = "+00:00";


/*!40101 SET @OLD_CHARACTER_SET_CLIENT=@@CHARACTER_SET_CLIENT */;
/*!40101 SET @OLD_CHARACTER_SET_RESULTS=@@CHARACTER_SET_RESULTS */;
/*!40101 SET @OLD_COLLATION_CONNECTION=@@COLLATION_CONNECTION */;
/*!40101 SET NAMES utf8mb4 */;

--
-- Database: `registration_system`
--
CREATE DATABASE IF NOT EXISTS `registration_system` DEFAULT CHARACTER SET utf8mb4 COLLATE utf8mb4_0900_ai_ci;
USE `registration_system`;

-- --------------------------------------------------------

--
-- Table structure for table `categories`
--

CREATE TABLE `categories` (
  `category_id` int NOT NULL,
  `cate_name` varchar(255) NOT NULL,
  `cate_description` text
) ENGINE=InnoDB DEFAULT CHARSET=utf8mb3;

--
-- Dumping data for table `categories`
--

INSERT INTO `categories` (`category_id`, `cate_name`, `cate_description`) VALUES
(1, 'News and Sports', 'สำหรับข่าวสาร ข้อมูลน่าสนใจและกีฬาต่างๆ'),
(2, 'Technology and IT', 'สำหรับอัพเดทข้อมูลเทคโนโลยีใหม่ๆ ฮาร์ดแวร์, ซอฟท์แวร์, แอปพลิเคชั่น และ AI'),
(3, 'Entertainments', 'สำหรับข่าวบันเทิง หนัง ดารา ละคร ซีรียร์'),
(4, 'Health and Beauty', 'สำหรับสุขภาพและความงาม การดูแลร่างกาย การออกกำลังกาย'),
(5, 'Educations', 'สำหรับความรู้ ทักษะต่างๆ การศึกาษาต่อ'),
(6, 'Travels and LifeStyle', 'สำหรับการพูดคุยเกี่ยวกับชีวิตประจำวัน งานอดิเรก การท่องเที่ยว ที่พัก แหล่งท่องเที่ยว และกิจกรรมในวันหยุด'),
(7, 'Games and Esport', 'สำหรับข่าวสารวงการเกม เกมแนะนำ หรือถามเกี่ยวกับเกม');

-- --------------------------------------------------------

--
-- Table structure for table `comments`
--

CREATE TABLE `comments` (
  `comment_id` int NOT NULL,
  `com_date` timestamp NOT NULL DEFAULT CURRENT_TIMESTAMP,
  `com_detail` varchar(255) NOT NULL,
  `post_id` int NOT NULL,
  `user_id` int NOT NULL
) ENGINE=InnoDB DEFAULT CHARSET=utf8mb3;

-- --------------------------------------------------------

--
-- Table structure for table `posts`
--

CREATE TABLE `posts` (
  `post_id` int NOT NULL,
  `category_id` int NOT NULL,
  `user_id` int NOT NULL,
  `post_title` varchar(255) NOT NULL,
  `post_content` text NOT NULL,
  `post_time` timestamp NULL DEFAULT CURRENT_TIMESTAMP
) ENGINE=InnoDB DEFAULT CHARSET=utf8mb3;

--
-- Dumping data for table `posts`
--

INSERT INTO `posts` (`post_id`, `category_id`, `user_id`, `post_title`, `post_content`, `post_time`) VALUES
(27, 1, 2, 'เตือน!!ผู้ชายที่ชอบผู้หญิงใสๆ', 'กระทู้นี้เราตั้งขึ้นมาจากประสบการณ์ของน้องชายเราที่ได้ไปเจอผู้หญิงคนหนึ่ง\r\n\r\nรูปลักษณ์ภายนอกจะดูเป็นคนใสๆ ตัวเล็กผิวขาวตามสไตล์สาวเหนือ  หน้าตาจะดูเป็นคนซื่อๆ แทบจะไม่แต่งหน้าเลย สำหรับเราหน้าตาธรรมๆจริงๆออกไปทางดูแก่กว่าอายุ(อันนี้คหสตนะคะไม่ดราม่าน่า) ไม่มีหน้าอก การแต่งตัวมิดชิดไม่วาบหวิว เช่นกางเกงที่ใส่จะไม่สั้นมาก ชุดว่ายน้ำบอดี้สูทบิดถึงคอ เสียงหวานนิดมีวาทศิลป์ในการพูด(กับเพศตรงข้ามแต่กับเราที่เป็นผู้หญิงเขาจะพูดอีกสไตล์หนึ่ง)\r\n**ส่วนตรงนี้เราขอเพิ่มเติมนะคะ เพื่อแก้ไขความเข้าใจผิดน่า เราไม่ได้เหมารวมผู้หญิงทุกคนที่มีลักษณะแบบนี้นะคะ แต่หมายถึงว่ารูปลักษณ์ภายนอกของเขาก็ดูเป็นสไตล์พิมพ์นิยมเป็นเหตุให้คนๆนี้ดูน่าสนใจสำหรับผู้ชายเฉยๆค่ะ***\r\n\r\nเขาคบกับน้องเรานานพอสมควรนะคะ5-6ปีได้ เราได้เจอเขาบ้างเพราะเราอยู่ต่างประเทศ ได้เจอกันตามโอกาส ล่าสุดน้องพึ่งอัพเดทว่าเลิกกันแล้ว\r\n\r\nเราให้นามสมมุติน้องเราว่าA ส่วนผู้หญิงชื่อB น้องก็เล่าให้ฟังว่าตอนที่เริ่มคบกับB จริงๆแล้วสาวคนนี้ยังไม่เลิกกับแฟน แต่ก็มาคุยกับAจนตัดสินใจคบกันก็คือสถานะแบบชู้นั้นแหละค่ะ นัดเจอกันมีอะไรกันที่โรงแรง สุดท้ายBเก็บข้าวของจากหอแฟนเก่าเขาน้องเราก็ไปช่วยขนของ\r\n\r\nต่อมาผู้หญิงเริ่มฝึกงานแบบนักศึกษาอะค่ะ ก็มีกุ๊กกิ๊กกับเพื่อนที่ทำงาน แต่ก็เคลียร์กันจบไป ไม่รู้ไปทำอิท่าไหนเพื่อนที่มาฝึกงานด้วยกันถึงกับเลิกคบ\r\n\r\nย้ายมาอยู่กับน้องเราที่คอนโด  ผู้หญิงเข้าสู่วัยทำงานเพราะเรียนจบ ไปทำงานที่ไหนมีชู้ที่นั้น ถึงขั้นที่ว่าเล่นชู้กับเพื่อนที่ทำงานผู้ชายไปรับไปส่งจากคอนโดน้องเรา ผู้ชายซื้อทองให้เมียผู้ชายตามมาด่าตามจิกตามรังควาน\r\n\r\nผู้หญิงคนนี้มักจะเอารถของนัองชายเราขับไปทำงานหรือถ่ายรูปลงโซเชียลว่าขับรถ มีรถ ตอนรับปริญญาก็นั่งบนรถน้องเราถ่ายให้คนเข้าใจผิดว่าเรียนจบมีคนซื้อรถใหม่ มองดูจากดาวอังคารก็รู้เลยค่ะว่าขี้อวดจนเพื่อนที่ทำงานหมั่นไส้ ขี้อวดจนเพื่อนเลิกคบหร่อไม่ค่อยอยากสนิทด้วย\r\n\r\nสุดท้ายเลิกกับน้องเราเพราะมีผู้ชายอีกคน เลิกกันปุ๊บย้ายไปอยู่ด้วยกันปั๊บ พาผู้ใหม่กลับบ้านที่ตจว.ทันที ทำให้เรารู้ได้เลยว่าเล่นชู้กับคนนี้นานแล้วแน่ๆ\r\n\r\nเรื่องราวก่อนที่จะคบกับนัองเรานะคะ เราไปรู้มาจากเพื่อน(เก่า)ของผู้หญิงคนนี้ที่รับนิสัยไม่ได้แล้วเลิกคบ\r\n\r\nผู้หญิงคนนั้นสมัยมัธยมก็มีแฟน เคยมีsexกับแฟนในโบสถ์ เขาบอกว่าผู้ชายข่มขืนเขา เราก็ก้ำกึ่งกับความเห็นใจนะคะแต่มันก็เอ๊ะ? ตรงที่ไปอยู่ในห้องน้ำกับผู้ชายสองต่อสองทำไม ละมันคือห้องน้ำในโบสถ์\r\n\r\nละก็มีsexกับแฟนสมัยมัธยมคนนี้อีกหลายๆครั้งจนแย้กย้ายกันไป(จริงๆอันนี้มันปกตินะคะ แต่มันก็นิดนึ่งสำหรับเด็กมัธยมที่ภายนอกใสๆขี้อาย)\r\n\r\nต่อมาเข้ามหาลัยก็มีแฟน ที่ไปแย่งเขามาอีกที เดินไปไหนทีมีแต่คนจ้องจะตบ\r\nแค่เดินไปตลาดนัดยังต้องระวังเพราะดันไปแย่งแฟนรุ่นพี่มา พอมาเจอน้องเราที่หน้าที่การงานค่อนข้างดีก็เล่นชู้กับน้องเราละแฉดหัวคนเก่าทิ้งเลยทั้งๆที่ไปแย่งเขามาแท้ๆ\r\n\r\nคุณผู้ชายที่ชอบผู้หญิงใสๆจะคบกับใครก็เช็คก่อนนะคะว่าใสจริงหรือใสเทียมจะได้ไม่ต้องเจอแบบน้องเรา ส่วนน้องเราเทศไปแล้วนะคะว่าไปเป็นชู้คนอื่นก็สมควรโดนละ\r\n**ส่วนที่ว่าน้องเราก็ผิดอันนี้ไม่เข้าข้างค่ะตอนเล่าให้เราฟังเราสะใจมากไม่ปลอบนะคะด่ายับๆหยายได้หยาบงานนี้\r\n-อันนี้เท่าที่รู้มาผู้หญิงบอกน้องว่าจะเลิกกับแฟนอยู่แล้ว เพราะผู้ชายไม่ยอมเปิดตัวกับที่บ้านปิดเทอมก็ทำเหมือนคนไม่มีแฟนประมาณนี้มั้งคะเหตุคนที่เธอคนนี้ให้มา เราก็บอกน้องทำไมไม่ให้เขาไปเลิกกันก่อนค่อยคบไอ่ควา....\r\n\r\nส่วนที่ใครๆสงสัยว่าผู้หญิงแบบนี้มันใสตรงไหน ถ้ารู้จักผิวเผินไม่รู้เลยค่ะ เขาจะดูซื่อๆ เป็นคนยอมคน ใครเอาเปรียบอะไรก็ยอม ไม่ค่อยดื่มไม่ค่อยเที่ยวกลับบ้านมาดูซีรีย์เกาหลีอะไรแบบนี้ จะเล่นบทเหยื่อโดนรังแกโดนเอาเปรียบที่ไหนได้ทำตัวเองล้วนๆ ตอนนั้นเรายังเห็นใจที่โดนเพื่อนเบิกคบ โดนคนที่ทำงานเหม็นขี้หน้า ตอนนี้เก็ทละ', '2024-09-27 14:40:54'),
(30, 1, 1, 'NEWS ปารีส2024 ข่าวอัปเดตรายวัน!!', '1.ตั๋วปารีส 2024 สำหรับเข้าชมการแข่งขันขายไม่หมด เหลือเพียบ ตลาดมืดตั๋วผีแห่เทขายเท่าทุนคนเมินซื้อ เข้าเนื้อคนฉวยโอกาสเต็มๆ\r\n\r\n2.โรงแรม โฮสเทล แอร์BNB หวังฟันกำไรจากทัวร์ นทท.ที่จะมาเข้าชมมหกรรมกีฬาแต่กริบห้องพักเหลือทำเอาเจ้าของกิจการงงว่าคนไม่อยากมาปารีสหรอ\r\n\r\n3.สัมคนปารีสบอก ขอหนีออกไปนอกเมืองช่วงแข่งกีฬาเพราะกลัวรถติด เนื่องจากมีการลดเลนถนนให้ บัสของคณะ นกฬ.โดยเฉพาะ 1 เลน\r\nบางบริษัทให้ WFH ไปเลยยาวๆ\r\n\r\n4.มิจเซ็ง! หวังปลดทรัพย์ นทท.แต่เขาไม่มา คนทั้งโลกรู้ว่าปารีสเด่นดังเรื่องนี้ขอนอนดูผ่านทีวีที่บ้านดีกว่า จ่ายถูกได้ดูหลากหลายกีฬาไม่เสี่ยงโดนจี้ปล้นด้วย\r\n\r\n5.ร้านค้าร้านอาหารแอบบ่นนี่มหกรรมกีฬาจริงๆใช่ไหมทำไมมันดูไม่ครึกครักเหมือนช่วงเวลาปกติเลยคนไม่ได้เยอะอย่างที่คิด ของที่สต็อกจะไม่ตุยก่อนหรอ\r\n\r\n6.นักกีฬาโพสต์บ่น ไอจี เอ็กซ์อื่นๆ ทั้งห้องพัก ทั้งรถบัสพาส่งสนามแข่งสนามซ้อมไร้แอร์ นั่งๆนอนๆกันเหงื่อแตกซก! นี่คอนเซ็ปลดโลกร้อน หรือ ลดงบคะคุณพรี่!! \r\n\r\nวันถัดๆไปจะมาอัพเดตเรื่อยๆความแซ่บในห้องวอลเลย์มีทุกวันค่ะ', '2024-09-28 08:45:33'),
(31, 3, 1, 'ทำไมjypถึงยังไม่มีboy group ที่บึ้นไปอยู่จุดสูงสุดเหมือนค่ายอื่นในBig3+1', 'YG มีBigbang\r\nSM มีExo\r\nJYP มี...\r\n+Bighit(hype) มีBts\r\n\r\nแต่ในด้านGG jypถือว่าเดวงไหนมาคิอปังมาก ว่าได้ว่าเคยไปอยู่บนจุดสูงสุดกันเกือบทุกวง wonder girl/Twice/Miss a(?)\r\n\r\nจะมีก็แค่ Itzy/Nmixx ที่มาเดช่วงที่เบอร์1เขายังไม่ลง', '2024-09-28 08:49:03'),
(32, 2, 1, 'Technology กับวงจรมนุษย์', 'คราวที้แล้วถกกับเพื่อนเกี่ยวกับปฎิบัติธรรมและเวียนไว้ตายเกิดของมนุษย์ก็เลยว่าสะกิจใจว่าถ้าอนาคต technology ด้านการแพทมันพัฒนาไปมากกว่านี้ เช่นเรื่อง stem cell หรือทำอะไรกับสมองเราที่ให้เราเป็นอมตะไม่เสียชีวิต งั้นวงจรชีวิตที่ทุกคนฟันธงว่ายังไงคนเราก็ต้องตายก็ไม่เป็นจริง ที่ผมคิดอย่างนี้เพราะผมยังเชื่อเรื่อง miracle แล้วพอทุกคนบอกว่ายังไงคนก็ต้องตาย พอมีครพูดว่า \"แน่นอน\" บ่อยเลยไม่อยากเชื่อ 100% เพราะคนในอดีตก็คงพูดว่า ไม่มีทางที่เราจะสื่อสารกันทางไกล ไปสถานที่ไกลๆ มีดาวอื่นนอกจากโลก ๆลๆ แล้วตอนนี้ล่ะ คนพวกนั้นคงอึ้งกับวิวัฒนาการของ technology ว่า \"เป็นไปได้\" นั้นเป็นสาเหตุที่ทำให้ผมคิดว่าอนาคตอีก 100-500 ปี technology อาจทำให้คนเป็นอมตะแล้วคนตอนนี้ที่พูดว่า คนเราก็ต้องตาย\"แน่นอน\"ก็ผิดไปหมด', '2024-09-28 08:49:55'),
(34, 4, 1, 'สอบถามประกันสุขภาพ Health Fit DD และ Health Lumpsum', 'ผมตั้งกระทู้นี้เป็นกระทู้แรก หากผิดพลาดอะไร ขออภัยมา ณ ที่นี้ครับ\r\n\r\nผมสนใจทำประกันสุขภาพโดยเลือกที่ค่อนข้างครอบคลุมเกือบทั้งหมด โดยไม่สนใจ OPD ผมคิดว่าจะทำประกันของ 2 เจ้าพร้อมกันดังนี้\r\n1. Health Fit DD 30M Deduct 30k ของไทยประกันชีวิต เพราะครอบคลุมหลายหมวด วงเงินสูง และราคาได้ ซึ่งจะสามารถปรับแผนเป็น 15M และปรับเพิ่ม Deduct เป็น 100kได้ในอนาคต\r\n2. Health Lumpsum 100k ของเมืองไทยประกันชีวิต เพื่อเอามาใช้แทน deduct ของ Health Fit DD เพราะตอนอายุ 50-60 เบี้ยถูกกว่ามาก\r\n3. Careplus มะเร็ง 5M ของเมืองไทยประกันชีวิต เพราะคุ้มครอง มะเร็งแบบภูมิคุ้มกันบำบัด ที่ไม่มีใน Health Fit DD\r\nโดยจะทำควบคู่กับประกันชีวิตของทั้ง 2 บริษัท\r\n\r\nโดยในอนาคตตอนอายุ 60 เบี้ยจะสูง ผมจะปรับดังนี้\r\nปรับ Health Fit DD จาก 30M Deduct 30k เป็นแผน 15M Deduct 100k เพื่อลดค่าเบี้ยลง\r\n\r\nแต่เนื่องจากผมมีข้อสงสัยหลายอย่าง จึงอยากสอบถามดังนี้\r\n1. Health Fit DD Deduct 100k จะรับผิดเองเฉพาะในหมวด 1-5 ผมอยากทราบว่า Health Lumpsum สามารถทดแทนได้ครอบคลุมในส่วนของ deduct จาก Health Fit DD ทั้งหมดหรือไม่ครับ\r\n2. เนื่องจากผมหาข้อมูลของ Health Lumpsum ของเมืองไทยประกันชีวิตใน pantip ไม่ได้เลย อยากทราบว่า Health Lumpsum ในสัญญาสามารถต่ออายุได้เรื่อยๆ โดยไม่ถูกบริษัทยกเลิกหรือไม่ ไม่มี co-payment และไม่มีการปรับขึ้นเบี้ยประกันนอกเหนือจากตารางเบี้ย ใช่ไหมครับ\r\n3. เช่นเดียวกับข้อ 2,  Careplus มะเร็ง 5M ในสัญญาสามารถต่ออายุได้เรื่อยๆ โดยไม่ถูกบริษัทยกเลิก และไม่มี co-payment และไม่มีการปรับขึ้นเบี้ยประกันนอกเหนือจากตารางเบี้ย ใช่ไหมครับ\r\n4. Health Fit DD สามารถปรับแผนได้กี่รอบ ผมอยากปรับตอนอายุ 50 ปี 1 รอบ โดยปรับแผนจาก 30M เป็น 15M และตอนอายุ 60 ปี อีก 1 รอบ โดยปรับ deduct จาก 30k เป็น 100k กรณีที่ผมไม่พอจ่ายเบี้ยครับ แต่ถ้ามีจ่ายก็จะไม่ปรับแผน สามารถปรับแผน 2 รอบแบบนี้ได้ไหมครับ\r\n5. ประกันที่เลือกมาครอบคลุมแล้วไหมครับ หรือเพื่อนๆมีประกันตัวไหนแนะนำไหมครับ', '2024-09-28 08:50:36'),
(35, 5, 1, '1.ถาทผู้รู้ค่ะ...อยากทราบว่า STEM EDUCATIONS เป็นการจัดการเรียนรู้แบบใดได้บ้าง', 'STEAM EDUCATIONS เป็นการเรียนรู้แบบใดได้บ้าง หรือต้องเป็นการแก้ปัญหาด้วยสิงประดิษฐ์อย่างเดียวคะ\r\n2.สิ่งเหล่านี้เป็นสิ่งที่ใช้ในการทดลอง ในราา ทยาศาสตร์เรียกว่าอะไรคะ...ได้แก่\r\n-น้ำเปล่า\r\n-น้ำส้มสายชู\r\n-น้ำมะนาว\r\n-เบกกิ้งโซดา\r\n-น้ำยาล้างจาน\r\n***หนูจัดการเรียนรู้ STEAM แต่ข้อมูลยังไม่ชัดเจน ขอให้ผู้ที่มีความเชี่ยวชาญชี้แนะด้วยนะคะ*** ขอบคุณค่ะ', '2024-09-28 08:53:56'),
(36, 6, 1, 'ขอช่องยูทูปเบอร์ฝรั่ง ที่เที่ยวรอบโลกหน่อยค่ะ อยากติดตามเพิ่มเติม', 'พอดีหาเจอแต่ของคนไทยเที่ยวรอบโลก แต่อยากดูพวกยูทูปเบอร์ฝรั่งบ้างว่า เขามีสไตล์การเที่ยวแบบไหน เผื่อจะลองซึมซับบรรกาศของชาวต่างชาติบ้างค่ะ ใครที่ทราบหรือรู้จักช่วยบอกหน่อยนะคะ ขอบพระคุณค่ะ', '2024-09-28 08:54:18'),
(37, 7, 1, 'โหลดเกมในepic games ไม่ได้', 'คือผมโหลดเกมในepic game ไม่ได้ครับอาการมันคือ พอมันโหลดเสร็จมันจะขึ้นสถานะว่าPreparing แล้วซักพักมันก็โหลดใหม่อัตโนมัติเลยครับ ยกตัวอย่างเช่นเกมremnant from the ashes ต้องโหลด37gb พอโหลดเสร็จขึ้นสถานะPreparing แล้วก็โหลดใหม่หมดอีก37gb ผมนั่งโหลดมา2-3 วันเเล้วลองค้นหาว่ามีใครเป็นแบบนี้ในเน็ตไหมก็ไม่เจอครับจนปัญญาเเล้วตอนนี้ไม่รู้ว่าเป็นเพราะใช้วิน11รึป่าว ใครท่านไหนรู้สาเหตุวิธีแก้รบกวนด้วยครับ', '2024-09-28 08:54:38'),
(38, 5, 6, 'ไก่กับไข่อะไรเกิดก่อนกัน?', 'ผมไม่รู้ว่าอันไหนเกิดก่อนหรอก แต่ไข่ดาวอร่อยไม่เท่าไก่ทอด เพราะฉะนั้น เนือ้วัวเลยดีที่สุดครับ', '2024-10-02 05:41:53'),
(39, 3, 6, 'One Piece Spoil 1,128', 'สปอยตอน 1128 \r\n-ชื่อตอน : RPG \r\n-กลุ่มหมวกฟางออกมาข้างนอกก็พบกับ หมู่บ้านคนยักษ์ แต่ที่จริงแล้ว เป็นเพียงแค่ หมู่บ้านคนธรรมดาเท่านั้น \r\n- มีการเปิดเผยว่าทั้งอาณาจักรนั้นเป็นเพียงภาพลวงตาเท่านั้น  \r\n-สถานที่ที่พวกลูฟี่อยู่ในตอนนี้เป็นเพียงกล่องของเล่นที่ถูกสร้างโดยคนยักษ์ที่ใช้ฉายาว่า \"เทพพระอาทิตย์\" ในห้องขนาดใหญ่เท่านั้น \r\n-ลูฟี่พังกำแพงก็พบกับช็อปเปอร์ข้างนอก \r\n-เทพพระอาทิตย์ คือคนยักษ์ที่ใส่หน้ากากกะโหลกกวาง เดินเข้ามาในห้อง และรู้แล้วว่า พวกลูฟี่กำลังจะหนี \r\n-จบตอนที่พวกลูฟี่ขี่แมวหนี', '2024-10-02 05:43:41'),
(70, 3, 13, 'test  s', 'post content ', '2024-10-04 07:47:36'),
(71, 1, 6, 'sdfasf', 'dfsdfs', '2024-10-04 08:00:01');

-- --------------------------------------------------------

--
-- Table structure for table `users`
--

CREATE TABLE `users` (
  `user_id` int NOT NULL,
  `firstname` varchar(255) NOT NULL,
  `lastname` varchar(255) NOT NULL,
  `email` varchar(255) NOT NULL,
  `password` varchar(255) NOT NULL,
  `urole` varchar(255) NOT NULL,
  `created_at` timestamp NOT NULL DEFAULT CURRENT_TIMESTAMP
) ENGINE=InnoDB DEFAULT CHARSET=utf8mb3;

--
-- Dumping data for table `users`
--

INSERT INTO `users` (`user_id`, `firstname`, `lastname`, `email`, `password`, `urole`, `created_at`) VALUES
(1, 'ADT', 'AATDIP', 'aditap656@gmail.com', '$2y$10$TOWwgTTuGiD1Qzc7Ne4VLOyr18QIPqSJlXAEtIcyxwUslv8lBLlTW', 'admin', '2024-09-22 15:51:42'),
(2, 'ADMIN', 'admin', 'admin@gmail.com', '$2y$10$koa4w5PyNOBSJ7MzWjSqZ.FJpyuyYayqWqr65lRbvInBTPqb9v6Iq', 'admin', '2024-09-26 06:07:29'),
(6, 'USER', 'USER', 'user@gmail.com', '$2y$10$CqyqtC3dAylQvKy07Jxi..S8FZEF3ZMoH7xNYuwXg5ZDHYNSbypOu', 'user', '2024-09-27 14:31:19'),
(7, 'User2', 'Numbertwo', 'user2@gmail.com', '$2y$10$YZj3EtMB77fqvJs7ZXOlEebgaTuEoVtlrakRlRTYjuRHOtfMWoA1i', 'user', '2024-10-03 06:55:39'),
(13, 'test ', 'test', 'test@test.com', '$2y$10$yyESkjhS/U5N.CunANLXiOsvi3HAvHXMSOPVNCYUmkcR2k91EJ08.', 'admin', '2024-10-04 07:46:17');

--
-- Indexes for dumped tables
--

--
-- Indexes for table `categories`
--
ALTER TABLE `categories`
  ADD PRIMARY KEY (`category_id`);

--
-- Indexes for table `comments`
--
ALTER TABLE `comments`
  ADD PRIMARY KEY (`comment_id`),
  ADD KEY `post_id` (`post_id`),
  ADD KEY `user_id` (`user_id`);

--
-- Indexes for table `posts`
--
ALTER TABLE `posts`
  ADD PRIMARY KEY (`post_id`),
  ADD KEY `category_id` (`category_id`),
  ADD KEY `user_id` (`user_id`);

--
-- Indexes for table `users`
--
ALTER TABLE `users`
  ADD PRIMARY KEY (`user_id`);

--
-- AUTO_INCREMENT for dumped tables
--

--
-- AUTO_INCREMENT for table `categories`
--
ALTER TABLE `categories`
  MODIFY `category_id` int NOT NULL AUTO_INCREMENT, AUTO_INCREMENT=8;

--
-- AUTO_INCREMENT for table `comments`
--
ALTER TABLE `comments`
  MODIFY `comment_id` int NOT NULL AUTO_INCREMENT, AUTO_INCREMENT=52;

--
-- AUTO_INCREMENT for table `posts`
--
ALTER TABLE `posts`
  MODIFY `post_id` int NOT NULL AUTO_INCREMENT, AUTO_INCREMENT=72;

--
-- AUTO_INCREMENT for table `users`
--
ALTER TABLE `users`
  MODIFY `user_id` int NOT NULL AUTO_INCREMENT, AUTO_INCREMENT=14;

--
-- Constraints for dumped tables
--

--
-- Constraints for table `comments`
--
ALTER TABLE `comments`
  ADD CONSTRAINT `comments_ibfk_1` FOREIGN KEY (`user_id`) REFERENCES `users` (`user_id`),
  ADD CONSTRAINT `post_id` FOREIGN KEY (`post_id`) REFERENCES `posts` (`post_id`);

--
-- Constraints for table `posts`
--
ALTER TABLE `posts`
  ADD CONSTRAINT `category_id` FOREIGN KEY (`category_id`) REFERENCES `categories` (`category_id`) ON DELETE CASCADE,
  ADD CONSTRAINT `user_id` FOREIGN KEY (`user_id`) REFERENCES `users` (`user_id`);
COMMIT;

/*!40101 SET CHARACTER_SET_CLIENT=@OLD_CHARACTER_SET_CLIENT */;
/*!40101 SET CHARACTER_SET_RESULTS=@OLD_CHARACTER_SET_RESULTS */;
/*!40101 SET COLLATION_CONNECTION=@OLD_COLLATION_CONNECTION */;
